Channel Name,Subscribers,Channel Total Views,Channel Total Videos,Video Title,Published Date,Views,Likes,Comments,Duration,Engagement Rate (%)
MrBeast,491000000,124755558308,982,Subscribe To See 500M Play Button,2026-05-22T16:00:04Z,44350098,958579,17323,PT33S,2.2
MrBeast,491000000,124755558308,982,Every Youtube Play Button,2026-05-19T16:00:02Z,80996760,877690,20482,PT18S,1.11
MrBeast,491000000,124755558308,982,If This Goes In You Have To Subscribe,2026-05-17T16:00:00Z,83557036,801929,14284,PT13S,0.98
MrBeast,491000000,124755558308,982,"Survive 30 Days On An Island With Your Ex, Win $250,000",2026-05-16T16:00:01Z,69245881,1592373,119050,PT39M9S,2.47
MrBeast,491000000,124755558308,982,"Hit The Button, Win $1,000",2026-05-15T16:00:10Z,361139948,2225941,61907,PT22S,0.63
MrBeast,491000000,124755558308,982,World's Fastest Date,2026-05-12T16:00:07Z,126754176,2381516,15605,PT32S,1.89
MrBeast,491000000,124755558308,982,I’m Granting Wishes For My Subscribers,2026-05-07T16:00:00Z,457497138,4007817,986620,PT17S,1.09
MrBeast,491000000,124755558308,982,Guess The Animal,2026-05-05T16:00:02Z,256873218,3072854,12291,PT47S,1.2
MrBeast,491000000,124755558308,982,Asking My Fiancée on a Date,2026-05-03T16:00:11Z,12122905,346697,11121,PT9S,2.95
MrBeast,491000000,124755558308,982,"I Stranded 100 People In The Wilderness For $250,000",2026-05-02T16:00:01Z,113465324,2392356,1370582,PT37M,3.32
TED,27400000,3150765556,5652,"Waymo’s Case for a Driverless Future | Tekedra Mawakana, Sal Khan | TED",2026-05-25T15:00:19Z,6535,143,87,PT19M15S,3.52
TED,27400000,3150765556,5652,You know it’s your girl! #TEDTalks,2026-05-23T19:00:10Z,12835,172,12,PT1M49S,1.43
TED,27400000,3150765556,5652,Why Humans Should Merge with AI | D. Scott Phoenix | TED,2026-05-23T15:00:19Z,30243,1130,288,PT12M4S,4.69
TED,27400000,3150765556,5652,But the gag is: Are you really *living*? #TEDTalks,2026-05-22T19:00:03Z,66329,3474,63,PT2M50S,5.33
TED,27400000,3150765556,5652,Why Most News Isn't Worth Your Attention | TED Explains the World with Ian Bremmer,2026-05-22T15:00:30Z,22916,576,43,PT51M11S,2.7
TED,27400000,3150765556,5652,How I Set Myself Free | Keke Palmer | TED,2026-05-21T15:00:06Z,494877,43567,1820,PT12M57S,9.17
TED,27400000,3150765556,5652,"“I taught rats to drive cars, but they taught me to enjoy the ride” #TEDTalks",2026-05-20T21:00:15Z,25087,851,21,PT1M56S,3.48
TED,27400000,3150765556,5652,East African Sound Meets Cosmic Trap | Akoth Jumadi and Mr. Lu | TED,2026-05-19T15:00:09Z,8216,223,14,PT8M4S,2.88
TED,27400000,3150765556,5652,"This might be hard to swallow, but your favorite snacks are on the line #TEDTalks",2026-05-18T20:30:00Z,23854,520,15,PT1M32S,2.24
TED,27400000,3150765556,5652,The Accidental Brilliance of Makeshift Signs | Kate Canales | TED,2026-05-18T15:00:12Z,184347,4264,195,PT7M47S,2.42
Sony Music India,71200000,71826767913,12073,Heer Sara Official Trailer | Patralekhaa & Maanvi Gagroo | Kartik Chaudhry | In Cinemas 12th June,2026-05-25T13:03:45Z,8109,199,11,PT2M19S,2.59
Sony Music India,71200000,71826767913,12073,"Gunaah - 8K/4K Video Song | Kunal Khemu, Amrita Puri | Mustafa Zahid | Jeet Gannguli | Blood Money",2026-05-25T10:30:39Z,9343,238,18,PT3M31S,2.74
Sony Music India,71200000,71826767913,12073,"Phir Ajnabi | Chand Mera Dil | Ananya Panday, Lakshya | Sachin-Jigar, Junaid Ahmed, Amitabh B.",2026-05-25T07:30:15Z,74945,1945,101,PT3M10S,2.73
Sony Music India,71200000,71826767913,12073,"Greatest Hits of Sonu Nigam - Audio Jukebox | Tum Hi Dekho Na, Soniyo, Sapna Jahan | Bollywood Songs",2026-05-24T11:30:18Z,12505,253,7,PT1H25M33S,2.08
Sony Music India,71200000,71826767913,12073,"Aitbaar | Lyric Video | Chand Mera Dil | Lakshya, Ananya Panday | Sachin-Jigar, Faheem, Amitabh B.",2026-05-24T05:30:24Z,102023,2176,60,PT3M55S,2.19
Sony Music India,71200000,71826767913,12073,Feel The Vibe in HD ✨ | Chinnamma Chilakkamma #trendingshorts #viral #hitsong,2026-05-23T12:30:02Z,60346,349,2,PT30S,0.58
Sony Music India,71200000,71826767913,12073,Chinnamma Chilakkamma - HD Video | A.R.Rahman | Kunal Kapoor | Sukhwinder Singh | Meenaxi | Dekho HD,2026-05-23T12:00:21Z,14296,339,16,PT5M26S,2.48
Sony Music India,71200000,71826767913,12073,"Mannmaaniyaan | Who's Your Gynac (Season 2) | Saba Azad | Arpit Mehta, Akanksha Bhandari, Udit P. ",2026-05-23T09:01:26Z,10785,182,11,PT2M56S,1.79
Sony Music India,71200000,71826767913,12073,“Hermosa”....Aastha Gill’s Most Addictive Vibe Song #trending #viralvideo #popmusic,2026-05-23T07:30:17Z,40648,182,2,PT41S,0.45
Sony Music India,71200000,71826767913,12073,Aastha Gill - Hermosa | Lyrical Audio | D Soldierz | Aashim Gulati,2026-05-23T04:30:11Z,9944,255,9,PT3M25S,2.65
